Скандинавский секрет. Простые правила здоровой и счастливой жизни;Бертил Марклунд;2018;Питер;128;60x90/16;9785496031103;978-5-496-03110-3;17,10;13,68
Скандинавские сказки;Н/Д;2018;НИГМА;464;84x108/16;9785433505070;978-5-4335-0507-0;103,50;82,8
Мой любимый шоколад;Сатоэ Тонэ;2018;НИГМА;24;60x90/24;9785433506039;978-5-4335-0603-9;12,60;10,08
Новогодние открытки-раскраски;Н/Д;2018;Никея;16;110x165;9785917617909;978-5-91761-790-9;13,50;10,8
Третий голос;Берлинд Силла;2017;Эксмо;480;125x200;9785040890996;978-5-04-089099-6;17,40;13,92
Fisher Price. Большая раскраска с наклейками для малышей;Н/Д;2017;Эксмо;16;210x280;9785699942343;978-5-699-94234-3;8,10;6,48
Парижанка. Альбом для раскрашивания;Клеман Дезелюс;2017;Эксмо;160;210x280;9785699963621;978-5-699-96362-1;24,60;19,68
Дрейф;Александр Варго;2017;Эксмо;320;110x200;9785699986323;978-5-699-98632-3;11,70;9,36
Голодный дом;Дэвид Митчелл;2017;Азбука;256;120x180;9785389137127;978-5-389-13712-7;6,00;4,8
Обладать;А. С. Байетт;2017;Азбука;640;145x215;9785389137110;978-5-389-13711-0;8,70;6,96
Бык из машины;Олди Г.Л.;2017;Азбука, Азбука-Аттикус;384;126x200;9785389138452;978-5-389-13845-2;13,50;10,8
Открой глаза;Барнс Дж.;2017;Азбука, Азбука-Аттикус;352;140x210;9785389116818;978-5-389-11681-8;25,80;20,64
Одиннадцать видов одиночества;Ричард Йейтс;2017;Азбука;320;115x200;9785389136939;978-5-389-13693-9;14,70;11,76
Форма жизни. Катилинарии;Амели Нотомб;2017;Азбука;320;115x200;9785389078840;978-5-389-07884-0;13,80;11,04
Я никогда не обещала тебе сад из роз;Джоанн Гринберг;2017;Азбука;384;115x200;9785389132344;978-5-389-13234-4;15,00;12
Артемис Фаул. Затерянный мир;Йон Колфер;2017;Азбука, Азбука-Аттикус;448;60x90/16;9785389136069;978-5-389-13606-9;14,70;11,76
Моби Дик, или Белый Кит;Герман Мелвилл;2017;Азбука;608;165x230;9785389132481;978-5-389-13248-1;62,10;49,68
Волшебная кошка. Кн. 6. Волшебный маскарад;Бонетти М.;2017;Азбука, Азбука-Аттикус;104;60x76/16;9785389122406;978-5-389-12240-6;6,60;5,28
Бэтмен. Темный рыцарь. Как-то в полночь в час угрюмый…;Грег Гурвиц;2017;Азбука;40;170x260;9785389137172;978-5-389-13717-2;4,50;3,6
Конго Реквием;Жан-Кристоф Гранже;2017;Азбука;576;115x180;9785389137141;978-5-389-13714-1;7,20;5,76
Девушка в тумане;Карризи Д.;2017;Азбука, Азбука-Аттикус;352;140x210;9785389135512;978-5-389-13551-2;17,40;13,92
Три дочери Евы;Элиф Шафак;2017;Азбука;448;130x210;9785389126831;978-5-389-12683-1;15,00;12
Пуаро ведет следствие. Ранние дела Пуаро;Кристи Агата;2017;Эксмо;480;138x212;9785040895113;978-5-04-089511-3;22,20;17,76
Алфавит белорусский. Обучающая игра (настенный плакат);Н/Д;2015;Аверсэв;1;460х660 мм;4813141000725;Н/Д;3,90;3,12
